,PLAYER_LAST_NAME,PLAYER_FIRST_NAME,PERSON_ID,PTS,REB,AST
0,Achiuwa,Precious,1630173,9.0,5.8,0.9
1,Anunoby,O.G.,1628384,16.9,5.0,2.0
2,Banton,Dalano,1630625,4.2,1.3,1.0
3,Barnes,Scottie,1630567,15.5,6.8,4.8
4,Barton,Will,203115,6.7,2.4,2.1
5,Boucher,Chris,1628449,9.4,5.6,0.4
6,Dowtin Jr.,Jeff,1630288,2.4,0.9,1.2
7,Flynn,Malachi,1630201,4.4,1.4,1.3
8,Harper Jr.,Ron,1631199,1.4,0.4,0.30000000000000004
9,Koloko,Christian,1631132,3.1,3.0,0.5
10,Poeltl,Jakob,1627751,12.7,9.2,2.8
11,Porter Jr.,Otto,203490,5.5,2.4,1.0
12,Siakam,Pascal,1627783,24.3,7.9,5.9
13,Trent Jr.,Gary,1629018,17.4,2.6,1.6
14,VanVleet,Fred,1627832,19.5,4.1,7.2
15,Wieskamp,Joe,1630580,1.3,0.4,0.1
16,Young,Thaddeus,201152,4.4,3.1,1.4
17,Adams,Steven,203500,8.6,11.5,2.3
18,Aldama,Santi,1630583,9.0,4.8,1.3
19,Bane,Desmond,1630217,21.6,5.0,4.4
20,Brooks,Dillon,1628415,14.4,3.3,2.6
21,Chandler,Kennedy,1631113,2.2,1.0,1.7000000000000002
22,Clarke,Brandon,1629634,10.0,5.5,1.3
23,Jackson Jr.,Jaren,1628991,18.3,6.8,0.9
24,Jones,Tyus,1626145,10.3,2.5,5.2
25,Kennard,Luke,1628379,9.1,2.7,1.5
26,Konchar,John,1629723,5.0,4.2,1.3
27,LaRavia,Jake,1631222,3.0,1.8,0.6000000000000001
28,Lofton Jr.,Kenneth,1631254,3.4,1.6,0.9
29,Morant,Ja,1629630,26.4,5.9,8.1
30,Roddy,David,1631223,6.6,2.8,0.8
31,Tillman,Xavier,1630214,7.0,5.0,1.6
32,Williams,Ziaire,1630533,5.2,2.1,0.7000000000000001
33,Williams Jr.,Vince,1631246,0.9,0.5,0.2
34,Adebayo,Bam,1628389,20.6,9.3,3.2
35,Butler,Jimmy,202710,22.9,5.9,5.3
36,Cain,Jamal,1631288,4.3,2.5,0.6000000000000001
37,Haslem,Udonis,2617,0.5,1.3,0.0
38,Herro,Tyler,1629639,20.3,5.4,4.2
39,Highsmith,Haywood,1629312,4.3,3.3,0.7000000000000001
40,Jovic,Nikola,1631107,5.5,2.1,0.7000000000000001
41,Love,Kevin,201567,8.2,6.5,1.9
42,Lowry,Kyle,200768,11.4,4.1,5.1
43,Martin,Caleb,1628997,9.8,4.9,1.7000000000000002
44,Oladipo,Victor,203506,10.0,3.1,3.4
45,Robinson,Duncan,1629130,6.1,1.6,1.0
46,Robinson,Orlando,1631115,3.9,4.1,0.7000000000000001
47,Strus,Max,1629622,11.7,3.3,2.1
48,Vincent,Gabe,1629216,9.6,2.2,2.4
49,Yurtseven,Omer,1630209,2.3,1.4,0.0
50,Zeller,Cody,203469,5.8,4.2,0.5
51,Agbaji,Ochai,1630534,7.6,2.1,1.0
52,Azubuike,Udoka,1628962,3.1,3.0,0.30000000000000004
53,Clarkson,Jordan,203903,20.8,4.0,4.4
54,Dunn,Kris,1627739,12.3,4.1,5.1
55,Fontecchio,Simone,1631323,5.9,1.4,0.7000000000000001
56,Gay,Rudy,200752,5.2,2.9,1.0
57,Horton-Tucker,Talen,1629659,10.7,3.2,3.8
58,Jones,Damian,1627745,3.3,2.9,0.30000000000000004
59,Juzang,Johnny,1630548,4.8,2.1,0.5
60,Kessler,Walker,1631117,9.2,8.4,0.9
61,Markkanen,Lauri,1628374,25.6,8.6,1.9
62,Olynyk,Kelly,203482,12.3,6.2,3.7
63,Potter,Micah,1630695,2.3,1.0,0.5
64,Sexton,Collin,1629012,14.3,2.2,2.9
65,Toscano-Anderson,Juan,1629308,2.9,2.3,1.1
66,Alexander-Walker,Nickeil,1629638,6.0,1.8,1.8
67,Anderson,Kyle,203937,9.4,5.3,4.9
68,Conley,Mike,201144,11.7,2.8,6.7
69,Edwards,Anthony,1630162,24.5,5.7,4.5
70,Garza,Luka,1630568,6.6,2.2,0.7000000000000001
71,Gobert,Rudy,203497,13.6,11.7,1.2
72,Knight,Nathan,1630233,3.7,1.5,0.4
73,McDaniels,Jaden,1630183,12.2,3.9,1.9
74,McLaughlin,Jordan,1629162,3.7,1.4,3.3
75,Minott,Josh,1631169,3.3,1.8,0.30000000000000004
76,Moore Jr.,Wendell,1631111,1.5,0.6000000000000001,0.7000000000000001
77,Nowell,Jaylen,1629669,10.8,2.6,2.0
78,Prince,Taurean,1627752,8.8,2.4,1.6
79,Reid,Naz,1629675,11.5,4.9,1.1
80,Rivers,Austin,203085,4.9,1.6,1.4
81,Ryan,Matt,1630346,3.7,0.8,0.5
82,Towns,Karl-Anthony,1626157,20.4,8.1,4.8
83,Allen,Grayson,1628960,10.4,3.3,2.3
84,Antetokounmpo,Giannis,203507,31.1,11.8,5.7
85,Antetokounmpo,Thanasis,203648,0.7000000000000001,0.9,0.2
86,Beauchamp,MarJon,1630699,4.9,2.1,0.5
87,Carter,Jevon,1628975,8.1,2.5,2.4
88,Connaughton,Pat,1626192,7.6,4.6,1.3
89,Crowder,Jae,203109,5.4,4.0,1.3
90,Dragic,Goran,201609,6.0,1.3,2.6
91,Green,AJ,1631260,4.4,1.3,0.6000000000000001
92,Holiday,Jrue,201950,19.3,5.1,7.4
93,Ingles,Joe,204060,7.0,2.8,3.2
94,Leonard,Meyers,203086,3.4,2.1,0.0
95,Lopez,Brook,201572,15.9,6.7,1.3
96,Matthews,Wesley,202083,3.5,2.2,0.6000000000000001
97,Middleton,Khris,203114,15.1,4.2,4.9
98,Portis,Bobby,1626171,14.1,9.7,1.5
99,Wigginton,Lindell,1629623,1.6,0.2,0.4
100,Allen,Jarrett,1628386,14.4,9.9,1.7000000000000002
101,Diakite,Mamadi,1629603,2.3,1.3,0.2
102,Garland,Darius,1629636,21.6,2.7,7.8
103,Green,Danny,201980,4.8,1.0,0.5
104,LeVert,Caris,1627747,12.1,3.8,3.9
105,Lopez,Robin,201577,2.8,1.3,0.5
106,Merrill,Sam,1630241,2.0,1.3,1.0
107,Mitchell,Donovan,1628378,28.3,4.3,4.4
108,Mobley,Evan,1630596,16.3,9.1,2.9
109,Mobley,Isaiah,1630600,2.6,1.5,0.1
110,Neto,Raul,203526,3.1,1.0,1.6
111,Okoro,Isaac,1630171,6.4,2.5,1.1
112,Osman,Cedi,1626224,8.8,2.3,1.5
113,Rubio,Ricky,201937,5.2,2.0,3.4
114,Stevens,Lamar,1630205,5.3,3.3,0.5
115,Wade,Dean,1629731,4.6,3.4,0.8
116,Windler,Dylan,1629685,1.7000000000000002,0.0,0.30000000000000004
117,Alvarado,Jose,1630631,9.0,2.3,3.0
118,Daniels,Dyson,1630700,3.9,3.2,2.3
119,Hayes,Jaxson,1629637,5.0,2.8,0.7000000000000001
120,Hernangomez,Willy,1626195,6.9,4.7,0.9
121,Ingram,Brandon,1627742,24.5,5.3,5.8
122,Jones,Herbert,1630529,9.8,4.1,2.4
123,Lewis Jr.,Kira,1630184,4.6,1.3,0.9
124,Liddell,E.J.,1630604,,,
125,Marshall,Naji,1630230,9.2,3.7,2.5
126,McCollum,CJ,203468,20.8,4.4,5.8
127,Murphy III,Trey,1630530,14.2,3.6,1.4
128,Nance Jr.,Larry,1626204,6.8,5.5,1.8
129,Richardson,Josh,1626196,10.3,2.7,2.7
130,Temple,Garrett,202066,2.0,0.7000000000000001,0.5
131,Valanciunas,Jonas,202685,14.2,10.1,1.8
132,Williamson,Zion,1629627,26.0,7.0,4.6
133,Anthony,Cole,1630175,13.0,4.7,3.9
134,Banchero,Paolo,1631094,20.0,6.9,3.7
135,Bitadze,Goga,1629048,4.2,3.2,1.0
136,Bol,Bol,1629626,9.2,5.8,0.9
137,Carter Jr.,Wendell,1628976,15.5,8.8,2.3
138,Carter-Williams,Michael,203487,1.5,0.0,1.5
139,Fultz,Markelle,1628365,14.2,4.0,5.8
140,Harris,Gary,203914,8.3,2.0,1.2
141,Harris,Kevon,1630284,3.4,1.8,0.4
142,Houstan,Caleb,1631216,3.4,2.0,0.6000000000000001
143,Isaac,Jonathan,1628371,5.0,4.0,0.5
144,Okeke,Chuma,1629643,4.4,3.4,1.2
145,Schofield,Admiral,1629678,4.1,1.7000000000000002,0.8
146,Scrubb,Jay,1630206,6.5,3.0,0.5
147,Suggs,Jalen,1630591,10.0,2.9,3.0
148,Wagner,Franz,1630532,18.8,4.1,3.6
149,Wagner,Moritz,1629021,10.5,4.5,1.5
150,Arcidiacono,Ryan,1627853,1.3,0.8,1.2
151,Bolmaro,Leandro,1630195,0.4,0.5,0.5
152,Bouyea,Jamaree,1631123,3.0,1.2,0.8
153,Bradley,Tony,1628396,1.6,0.9,0.1
154,Brantley,Jarrell,1629714,5.5,1.5,0.8
155,Brown,Moses,1629650,4.3,3.9,0.1
156,Brown,Sterling,1628425,0.0,2.0,0.5
157,Brown III,Greg,1630535,1.8,1.2,0.2
158,Burton,Deonte,1629126,0.0,0.0,0.0
159,Campazzo,Facundo,1630267,1.3,0.30000000000000004,1.1
160,Carey Jr.,Vernon,1630176,0.5,1.0,0.30000000000000004
161,Culver,Jarrett,1629633,4.4,3.8,0.6000000000000001
162,Dorsey,Tyler,1628416,3.0,0.7000000000000001,0.0
163,Dotson,Devon,1629653,0.5,1.7000000000000002,1.3
164,Forbes,Bryn,1627854,3.6,0.6000000000000001,0.7000000000000001
165,Foster Jr.,Michael,1630701,0.0,0.0,0.0
166,Hall,Jordan,1631160,3.1,1.3,1.2
167,Hernangomez,Juancho,1627823,2.9,2.9,0.6000000000000001
168,Hill,Malcolm,1630792,1.0,0.6000000000000001,0.0
169,Ibaka,Serge,201586,4.1,2.8,0.30000000000000004
170,Jackson,Frank,1628402,0.0,2.0,1.0
171,Jackson,Justin,1628382,0.9,0.7000000000000001,0.4
172,Johnson,Alize,1628993,1.8,2.5,0.30000000000000004
173,Johnson,Stanley,1626169,5.8,3.2,2.2
174,Key,Braxton,1630296,1.3,0.30000000000000004,0.0
175,Moneke,Chima,1631320,1.0,1.0,0.5
176,Noel,Nerlens,203457,2.1,2.7,0.6000000000000001
177,Okpala,KZ,1629644,1.3,1.0,0.4
178,Primo,Joshua,1630563,7.0,3.3,4.5
179,Queen,Trevelin,1630243,3.0,2.4,0.9
180,Roby,Isaiah,1629676,4.1,2.5,0.9
181,Samanic,Luka,1629677,7.4,4.0,2.2
182,Schakel,Jordan,1630648,1.5,0.0,0.5
183,Seabron,Dereon,1631220,0.8,0.2,0.0
184,Silva,Chris,1629735,2.0,0.0,0.0
185,Umude,Stanley,1630649,2.0,0.0,0.0
186,Vonleh,Noah,203943,1.1,2.1,0.30000000000000004
187,Walker,Kemba,202689,8.0,1.8,2.1
188,Wall,John,202322,11.4,2.7,5.2
189,Williams,Alondes,1631214,0.0,1.0,0.0
190,Augustin,D.J.,201571,,,
191,Christopher,Josh,1630528,5.7,1.1,1.1
192,Days,Darius,1630620,3.8,1.5,0.30000000000000004
193,Eason,Tari,1631106,9.2,6.0,1.0
194,Garuba,Usman,1630586,3.1,4.1,0.9
195,Green,Jalen,1630224,22.2,3.8,3.7
196,Hudgins,Trevor,1631309,1.8,0.0,0.6000000000000001
197,Kaminsky,Frank,1626163,2.3,1.3,0.8
198,Marjanovic,Boban,1626246,3.0,1.8,0.30000000000000004
199,Martin Jr.,Kenyon,1630231,12.7,5.5,1.5
200,Nix,Daishen,1630227,4.0,1.7000000000000002,2.3
201,Porter Jr.,Kevin,1629645,19.0,5.4,5.7
202,Sengun,Alperen,1630578,14.8,8.8,3.9
203,Smith Jr.,Jabari,1631095,12.7,7.3,1.3
204,Tate,Jae'Sean,1630256,9.1,3.8,2.7
205,Washington Jr.,TyTy,1631102,4.6,1.4,1.6
206,Avdija,Deni,1630166,9.2,6.4,2.8
207,Beal,Bradley,203078,23.2,3.9,5.4
208,Cooks,Xavier,1641645,2.3,1.9,0.8
209,Davis,Johnny,1631098,5.2,2.0,0.7000000000000001
210,Gafford,Daniel,1629655,8.9,5.5,1.0
211,Gibson,Taj,201959,3.4,1.9,0.7000000000000001
212,Gill,Anthony,1630264,3.2,1.6,0.5
213,Goodwin,Jordan,1630692,6.3,3.2,2.7
214,Huff,Jay,1630643,6.3,2.8,1.3
215,Jackson,Quenton,1631245,4.4,0.7000000000000001,1.1
216,Kispert,Corey,1630557,10.9,2.8,1.2
217,Kuzma,Kyle,1628398,21.2,7.2,3.7
218,Morris,Monte,1628420,10.3,3.4,5.3
219,Nunn,Kendrick,1629134,7.0,1.5,1.2
220,Porzingis,Kristaps,204001,23.2,8.4,2.7
221,Todd,Isaiah,1630225,0.4,0.0,0.0
222,Wright,Delon,1626153,7.3,3.5,3.9
223,Ayton,Deandre,1629028,18.0,10.0,1.7000000000000002
224,Bazley,Darius,1629647,5.0,3.1,0.9
225,Biyombo,Bismack,202687,4.3,4.3,0.9
226,Booker,Devin,1626164,27.8,4.5,5.5
227,Craig,Torrey,1628470,7.4,5.4,1.5
228,Durant,Kevin,201142,29.1,6.7,5.0
229,Landale,Jock,1629111,6.3,3.9,1.0
230,Lee,Damion,1627814,8.2,3.0,1.4
231,Lee,Saben,1630240,5.1,1.7000000000000002,2.4
232,Okogie,Josh,1629006,7.1,3.4,1.4
233,Paul,Chris,101108,13.9,4.3,8.9
234,Payne,Cameron,1626166,10.2,2.2,4.5
235,Ross,Terrence,203082,8.2,2.4,1.4
236,Shamet,Landry,1629013,8.6,1.6,2.2
237,Wainright,Ish,1630688,4.2,2.2,0.9
238,Warren,T.J.,203933,7.5,2.9,1.0
239,Badji,Ibou,1630641,,,
240,Butler Jr.,John,1631219,2.1,0.9,0.5
241,Eubanks,Drew,1629234,6.6,5.4,1.3
242,Grant,Jerami,203924,20.5,4.5,2.4
243,Harrison,Shaquille,1627885,7.8,4.0,5.0
244,Johnson,Keon,1630553,4.7,1.1,1.5
245,Knox II,Kevin,1628995,6.1,2.7,0.5
246,Lillard,Damian,203081,32.2,4.8,7.3
247,Little,Nassir,1629642,6.6,2.6,0.9
248,Mays,Skylar,1630219,15.5,3.8,7.3
249,Minaya,Justin,1631303,7.5,3.5,1.5
250,Nurkic,Jusuf,203994,13.3,9.1,2.9
251,Reddish,Cam,1629629,9.7,2.2,1.4
252,Sharpe,Shaedon,1631101,9.6,2.9,1.1
253,Simons,Anfernee,1629014,21.1,2.6,4.1
254,Thybulle,Matisse,1629680,4.1,2.0,0.7000000000000001
255,Walker,Jabari,1631133,3.7,2.3,0.6000000000000001
256,Watford,Trendon,1630570,7.1,3.9,2.1
257,Williams,Jeenathan,1631466,9.0,3.3,2.3
258,Winslow,Justise,1626159,6.8,5.0,3.4
259,Bagley III,Marvin,1628963,12.0,6.4,0.9
260,Boeheim,Buddy,1631205,2.0,0.6000000000000001,0.4
261,Bogdanovic,Bojan,202711,21.6,3.8,2.6
262,Burks,Alec,202692,12.8,3.1,2.2
263,Cunningham,Cade,1630595,19.9,6.2,6.0
264,Diallo,Hamidou,1628977,9.3,3.5,1.0
265,Duren,Jalen,1631105,9.2,8.7,1.2
266,Hampton,R.J.,1630181,6.5,1.8,1.2
267,Hayes,Killian,1630165,9.9,2.8,6.2
268,Ivey,Jaden,1631093,16.1,3.9,5.2
269,Joseph,Cory,202709,6.7,1.7000000000000002,3.4
270,Livers,Isaiah,1630587,6.7,2.8,0.8
271,McGruder,Rodney,203585,5.7,2.3,0.9
272,Omoruyi,Eugene,1630647,7.0,2.8,0.7000000000000001
273,Rhoden,Jared,1631197,2.3,2.1,0.30000000000000004
274,Stewart,Isaiah,1630191,11.3,8.1,1.4
275,Wiseman,James,1630164,10.1,5.9,0.7000000000000001
276,Baldwin Jr.,Patrick,1631116,3.9,1.3,0.30000000000000004
277,Curry,Stephen,201939,29.6,6.1,6.3
278,DiVincenzo,Donte,1628978,9.3,4.5,3.4
279,Green,Draymond,203110,8.5,7.3,6.9
280,Green,JaMychal,203210,6.5,3.6,0.9
281,Iguodala,Andre,2738,2.1,2.1,2.4
282,Jerome,Ty,1629660,6.9,1.7000000000000002,3.0
283,Kuminga,Jonathan,1630228,9.8,3.4,1.8
284,Lamb,Anthony,1630237,6.8,3.5,1.6
285,Looney,Kevon,1626172,7.1,9.2,2.5
286,Moody,Moses,1630541,4.5,1.6,0.8
287,Payton II,Gary,1627780,4.4,2.8,1.3
288,Poole,Jordan,1629673,20.6,2.7,4.5
289,Quinones,Lester,1631311,0.5,0.5,0.0
290,Rollins,Ryan,1631157,1.9,1.0,0.5
291,Thompson,Klay,202691,21.8,4.2,2.4
292,Wiggins,Andrew,203952,17.1,5.0,2.3
293,Ball,LaMelo,1630163,23.3,6.4,8.4
294,Bouknight,James,1630547,5.4,2.1,1.2
295,Hayward,Gordon,202330,14.7,4.3,4.1
296,Jones,Kai,1630539,3.3,2.8,0.30000000000000004
297,Maledon,Theo,1630177,6.1,2.7,3.3
298,Martin,Cody,1628998,5.0,3.4,1.6
299,McGowens,Bryce,1631121,4.7,1.9,1.1
300,Mykhailiuk,Svi,1629004,6.0,1.4,1.4
301,Oubre Jr.,Kelly,1626162,20.3,5.2,1.1
302,Richards,Nick,1630208,8.2,6.4,0.6000000000000001
303,Rozier,Terry,1626179,21.1,4.1,5.1
304,Simmons,Kobi,1628424,1.7000000000000002,0.30000000000000004,0.7000000000000001
305,Smith Jr.,Dennis,1628372,8.8,3.1,4.8
306,Sneed,Xavier,1630270,5.0,1.3,1.3
307,Thor,JT,1630550,3.7,2.1,0.5
308,Washington,P.J.,1629023,15.7,4.9,2.4
309,Williams,Mark,1631109,8.6,6.9,0.4
310,Ball,Lonzo,1628366,,,
311,Beverley,Patrick,201976,6.3,3.7,2.9
312,Caruso,Alex,1627936,5.6,3.0,2.9
313,DeRozan,DeMar,201942,24.7,4.7,5.1
314,Dosunmu,Ayo,1630245,8.5,2.7,2.6
315,Drummond,Andre,203083,5.9,6.6,0.5
316,Green,Javonte,1629750,5.3,2.7,0.7000000000000001
317,Jones,Carlik,1630637,0.6000000000000001,0.6000000000000001,0.4
318,Jones Jr.,Derrick,1627884,5.0,2.3,0.5
319,LaVine,Zach,203897,24.9,4.5,4.3
320,Lewis,Justin,1631171,,,
321,Simonovic,Marko,1630250,0.30000000000000004,0.2,0.0
322,Taylor,Terry,1630678,2.6,1.4,0.30000000000000004
323,Terry,Dalen,1631207,1.9,0.9,0.6000000000000001
324,Vucevic,Nikola,202696,17.7,11.1,3.3
325,White,Coby,1629632,9.5,2.8,2.7
326,Williams,Patrick,1630172,10.1,4.0,1.2
327,Bamba,Mo,1628964,6.8,4.7,1.0
328,Beasley,Malik,1627736,12.5,3.5,1.5
329,Brown Jr.,Troy,1628972,7.1,4.0,1.2
330,Christie,Max,1631108,3.3,1.9,0.5
331,Davis,Anthony,203076,26.3,12.4,2.6
332,Gabriel,Wenyen,1629117,5.6,4.2,0.5
333,Hachimura,Rui,1629060,11.2,4.5,0.9
334,James,LeBron,2544,29.0,8.4,6.8
335,Pippen Jr.,Scotty,1630590,2.3,0.7000000000000001,0.30000000000000004
336,Reaves,Austin,1630559,12.9,3.0,3.3
337,Reed,Davon,1628432,2.1,1.4,0.5
338,Russell,D'Angelo,1626156,17.7,3.0,6.2
339,Schroder,Dennis,203471,12.4,2.5,4.4
340,Swider,Cole,1631306,1.5,1.2,0.7000000000000001
341,Vanderbilt,Jarred,1629020,8.0,7.6,2.4
342,Walker IV,Lonnie,1629022,11.8,2.0,1.2
343,Barlow,Dominick,1631230,3.3,3.0,0.8
344,Bassey,Charles,1629646,5.7,5.5,1.3
345,Bates-Diop,Keita,1628966,9.4,3.7,1.5
346,Birch,Khem,203920,2.2,1.3,0.4
347,Branham,Malaki,1631103,9.9,2.7,2.0
348,Champagnie,Julian,1630577,8.3,3.1,0.4
349,Collins,Zach,1628380,11.6,6.4,2.9
350,Dieng,Gorgui,203476,3.4,3.1,1.6
351,Graham,Devonte',1628984,7.4,1.7000000000000002,2.7
352,Johnson,Keldon,1629640,22.0,5.0,2.9
353,Jones,Tre,1630200,12.7,3.5,6.5
354,Langford,Romeo,1629641,7.0,2.8,1.2
355,Mamukelashvili,Sandro,1630572,5.5,4.1,1.3
356,McDermott,Doug,203926,10.2,2.2,1.4
357,Sochan,Jeremy,1631110,11.0,5.3,2.5
358,Vassell,Devin,1630170,18.5,3.9,3.6
359,Wesley,Blake,1631104,4.6,2.0,2.5
360,Barnes,Harrison,203084,15.0,4.5,1.6
361,Davis,Terence,1629056,6.7,2.2,1.0
362,Dellavedova,Matthew,203521,1.5,0.4,1.3
363,Dozier,PJ,1628408,0.8,0.6000000000000001,0.1
364,Edwards,Kessler,1630556,2.8,1.7000000000000002,0.6000000000000001
365,Ellis,Keon,1631165,1.6,0.6000000000000001,0.4
366,Fox,De'Aaron,1628368,25.2,4.2,6.2
367,Holmes,Richaun,1626158,3.0,1.9,0.2
368,Huerter,Kevin,1628989,15.2,3.4,2.9
369,Len,Alex,203458,1.6,2.0,0.4
370,Lyles,Trey,1626168,7.6,4.0,0.9
371,Metu,Chimezie,1629002,4.6,3.0,0.6000000000000001
372,Mitchell,Davion,1630558,5.6,1.3,2.3
373,Monk,Malik,1628370,13.6,2.7,3.9
374,Murray,Keegan,1631099,12.2,4.6,1.2
375,Queta,Neemias,1629674,3.0,2.3,0.30000000000000004
376,Sabonis,Domantas,1627734,19.2,12.4,7.3
377,Barrett,RJ,1629628,19.5,5.1,2.7
378,Brunson,Jalen,1628973,24.0,3.5,6.2
379,Fournier,Evan,203095,6.3,1.9,1.4
380,Grimes,Quentin,1629656,11.1,3.3,2.1
381,Hart,Josh,1628404,9.8,7.8,3.8
382,Hartenstein,Isaiah,1628392,5.0,6.6,1.2
383,Jeffries,DaQuan,1629610,,,
384,Keels,Trevor,1631211,1.0,0.7000000000000001,0.0
385,McBride,Miles,1630540,3.4,0.8,1.2
386,Quickley,Immanuel,1630193,14.6,4.1,3.4
387,Randle,Julius,203944,25.1,10.0,4.1
388,Robinson,Mitchell,1629011,7.3,9.2,0.9
389,Rose,Derrick,201565,5.6,1.5,1.7000000000000002
390,Sims,Jericho,1630579,3.4,4.6,0.5
391,Toppin,Obi,1630167,7.0,2.7,0.9
392,Washington Jr.,Duane,1630613,7.9,1.2,2.0
393,Batum,Nicolas,201587,6.2,3.8,1.5
394,Boston Jr.,Brandon,1630527,6.8,1.4,0.9
395,Coffey,Amir,1629599,3.5,1.1,1.1
396,Covington,Robert,203496,6.1,3.4,1.2
397,Diabate,Moussa,1631217,2.7,2.3,0.2
398,George,Paul,202331,23.8,6.1,5.1
399,Gordon,Eric,201569,12.6,2.0,2.7
400,Hyland,Bones,1630538,11.8,2.3,3.1
401,Leonard,Kawhi,202695,23.7,6.3,3.9
402,Mann,Terance,1629611,8.9,3.5,2.3
403,Moon,Xavier,1629875,1.7000000000000002,1.0,1.7000000000000002
404,Morris Sr.,Marcus,202694,11.2,4.0,1.8
405,Plumlee,Mason,203486,10.9,9.0,3.1
406,Powell,Norman,1626181,16.7,2.9,1.8
407,Preston,Jason,1630554,3.2,1.7000000000000002,2.1
408,Westbrook,Russell,201566,15.7,5.8,7.5
409,Zubac,Ivica,1627826,10.7,10.0,1.0
410,Bertans,Davis,202722,4.1,1.0,0.5
411,Bullock,Reggie,203493,7.2,3.7,1.3
412,Doncic,Luka,1629029,32.7,8.7,8.1
413,Green,Josh,1630182,9.1,3.0,1.7000000000000002
414,Hardaway Jr.,Tim,203501,14.4,3.5,1.8
415,Hardy,Jaden,1630702,8.4,1.7000000000000002,1.3
416,Holiday,Justin,203200,4.3,1.1,0.9
417,Irving,Kyrie,202681,27.1,5.1,5.5
418,Kleber,Maxi,1628467,5.9,3.6,1.4
419,Lawson,A.J.,1630639,2.6,0.8,0.1
420,McGee,JaVale,201580,4.3,2.6,0.30000000000000004
421,Morris,Markieff,202693,3.3,1.9,0.8
422,Ntilikina,Frank,1628373,2.6,1.3,1.2
423,Pinson,Theo,1629033,1.7000000000000002,1.1,0.8
424,Powell,Dwight,203939,6.7,4.1,0.9
425,Wood,Christian,1626174,16.6,7.3,1.8
426,Wright IV,McKinley,1630593,3.5,1.6,2.0
427,Bey,Saddiq,1630180,13.8,4.7,1.5
428,Bogdanovic,Bogdan,203992,14.1,3.1,2.8
429,Capela,Clint,203991,12.0,11.1,0.9
430,Collins,John,1628381,13.0,6.5,1.2
431,Fernando,Bruno,1628981,3.5,3.3,0.8
432,Forrest,Trent,1630235,2.4,1.6,1.5
433,Griffin,AJ,1631100,8.8,2.1,1.0
434,Holiday,Aaron,1628988,3.9,1.2,1.4
435,Hunter,De'Andre,1629631,15.4,4.3,1.4
436,Johnson,Jalen,1630552,5.5,4.0,1.1
437,Krejci,Vit,1630249,1.3,0.8,0.5
438,Martin,Tyrese,1631213,1.1,0.4,0.1
439,Mathews,Garrison,1629726,4.5,1.3,0.5
440,Murray,Dejounte,1627749,20.5,5.3,6.1
441,Okongwu,Onyeka,1630168,9.9,7.2,1.0
442,Williams,Donovan,1631495,0.0,1.0,0.0
443,Young,Trae,1629027,26.2,3.0,10.0
444,Braun,Christian,1631128,4.5,2.3,0.8
445,Brown,Bruce,1628971,11.4,4.1,3.3
446,Bryant,Thomas,1628418,9.8,5.7,0.5
447,Caldwell-Pope,Kentavious,203484,10.7,2.8,2.4
448,Cancar,Vlatko,1628427,4.9,2.1,1.3
449,Gillespie,Collin,1631221,,,
450,Gordon,Aaron,203932,16.3,6.6,3.0
451,Green,Jeff,201145,7.9,2.6,1.2
452,Jackson,Reggie,202704,10.2,2.1,3.4
453,Jokic,Nikola,203999,24.8,11.9,9.8
454,Jordan,DeAndre,201599,5.1,5.1,0.8
455,Murray,Jamal,1627750,20.0,4.0,6.2
456,Nnaji,Zeke,1630192,5.1,2.5,0.30000000000000004
457,Porter Jr.,Michael,1629008,17.5,5.5,1.0
458,Smith,Ish,202397,2.5,1.2,2.2
459,Watson,Peyton,1631212,2.7,1.4,0.30000000000000004
460,White,Jack,1631298,1.2,0.6000000000000001,0.2
461,Bridges,Mikal,1628969,20.4,4.4,3.3
462,Claxton,Nic,1629651,12.6,9.2,1.9
463,Curry,Seth,203552,9.1,1.7000000000000002,1.6
464,Dinwiddie,Spencer,203915,17.5,3.4,6.4
465,Duke Jr.,David,1630561,3.1,1.0,0.8
466,Finney-Smith,Dorian,1627827,8.4,4.8,1.5
467,Harris,Joe,203925,7.6,2.2,1.4
468,Johnson,Cameron,1629661,15.4,4.4,1.9
469,Mills,Patty,201988,6.0,1.1,1.4
470,O'Neale,Royce,1626220,8.9,5.1,3.7
471,Sharpe,Day'Ron,1630549,4.7,4.1,0.7000000000000001
472,Simmons,Ben,1627732,6.9,6.3,6.1
473,Smith,Dru,1630696,3.2,1.5,1.2
474,Sumner,Edmond,1628410,7.3,1.5,1.3
475,Thomas,Cam,1630560,10.0,1.7000000000000002,1.4
476,Watanabe,Yuta,1629139,5.6,2.4,0.8
477,Brissett,Oshae,1629052,6.1,3.3,0.6000000000000001
478,Brown,Kendall,1631112,1.5,1.0,0.5
479,Duarte,Chris,1630537,7.9,2.5,1.4
480,Haliburton,Tyrese,1630169,20.7,3.7,10.4
481,Hield,Buddy,1627741,16.8,5.0,2.8
482,Hill,George,201588,4.7,1.8,2.3
483,Jackson,Isaiah,1630543,7.1,4.4,0.8
484,Johnson,James,201949,2.4,1.4,0.7000000000000001
485,Mathurin,Bennedict,1631097,16.6,4.1,1.4
486,McConnell,T.J.,204456,8.7,3.1,5.3
487,Nembhard,Andrew,1629614,9.3,2.6,4.4
488,Nesmith,Aaron,1630174,10.1,3.8,1.4
489,Nwora,Jordan,1629670,8.5,3.7,1.4
490,Smith,Jalen,1630188,9.4,5.8,1.0
491,Theis,Daniel,1628464,7.0,3.1,1.3
492,Turner,Myles,1626167,18.0,7.5,1.4
493,York,Gabe,1628221,9.0,1.0,1.0
494,Brogdon,Malcolm,1627763,14.9,4.2,3.7
495,Brown,Jaylen,1627759,26.6,6.9,3.5
496,Champagnie,Justin,1630551,2.0,1.3,0.30000000000000004
497,Davison,JD,1631120,1.1,0.6000000000000001,0.6000000000000001
498,Gallinari,Danilo,201568,,,
499,Griffin,Blake,201933,4.2,3.8,1.4
500,Hauser,Sam,1630573,5.9,2.5,0.8
501,Horford,Al,201143,9.8,6.2,3.0
502,Kabengele,Mfiondu,1629662,1.0,2.5,0.0
503,Kornet,Luke,1628436,3.7,2.8,0.7000000000000001
504,Muscala,Mike,203488,5.7,3.1,0.8
505,Pritchard,Payton,1630202,4.7,1.5,1.0
506,Smart,Marcus,203935,11.5,3.1,6.3
507,Tatum,Jayson,1628369,30.2,8.8,4.6
508,White,Derrick,1628401,12.5,3.6,3.9
509,Williams,Grant,1629684,8.3,4.6,1.7000000000000002
510,Williams III,Robert,1629057,8.0,8.3,1.4
511,Butler,Jared,1630215,2.4,0.2,0.8
512,Dieng,Ousmane,1631172,4.5,2.6,1.0
513,Dort,Luguentz,1629652,13.7,4.6,2.1
514,Giddey,Josh,1630581,16.6,7.9,6.2
515,Gilgeous-Alexander,Shai,1628983,31.4,4.8,5.5
516,Holmgren,Chet,1631096,,,
517,Joe,Isaiah,1630198,9.5,2.4,1.2
518,Mann,Tre,1630544,7.5,2.2,1.6
519,Pokusevski,Aleksej,1630197,8.1,4.7,1.9
520,Robinson-Earl,Jeremiah,1630526,6.7,4.1,1.0
521,Saric,Dario,203967,6.4,3.6,1.3
522,Sarr,Olivier,1630846,1.8,2.0,0.4
523,Waters III,Lindy,1630322,5.2,1.9,0.7000000000000001
524,Wiggins,Aaron,1630598,6.9,3.0,1.2
525,Williams,Jalen,1631114,14.1,4.5,3.3
526,Williams,Jaylin,1631119,5.9,4.9,1.6
527,Williams,Kenrich,1629026,8.0,4.9,2.0
528,Dedmon,Dewayne,203473,5.0,3.4,0.5
529,Embiid,Joel,203954,33.1,10.2,4.2
530,Harden,James,201935,21.0,6.1,10.7
531,Harrell,Montrezl,1626149,5.3,2.6,0.6000000000000001
532,Harris,Tobias,202699,14.7,5.7,2.5
533,House Jr.,Danuel,1627863,4.4,1.6,0.7000000000000001
534,King,Louis,1629663,,,
535,Korkmaz,Furkan,1627788,3.6,1.0,0.6000000000000001
536,Maxey,Tyrese,1630178,20.3,2.9,3.5
537,McClung,Mac,1630644,,,
538,McDaniels,Jalen,1629667,9.3,4.3,1.6
539,Melton,De'Anthony,1629001,10.1,4.1,2.6
540,Milton,Shake,1629003,8.1,2.5,2.9
541,Niang,Georges,1627777,8.0,2.3,1.0
542,Reed,Paul,1630194,3.9,3.6,0.4
543,Springer,Jaden,1630531,1.6,0.9,0.4
544,Tucker,P.J.,200782,3.5,3.9,0.8
